<?xml version="1.0" encoding="utf-8"?>
<window>
  <defaultcontrol>100</defaultcontrol>
  <allowoverlays>false</allowoverlays>
  <controls>

    <!-- ---------------------------- -->
    <!-- main                         -->
    <!-- ---------------------------- -->

    <!-- background -->
    <control type="image">
        <posx>0</posx><posy>0</posy>
        <width>1280</width><height>720</height>
        <texture>background.jpg</texture>
    </control>

    <!-- ---------------------------- -->
    <!-- menu                         -->
    <!-- ---------------------------- -->

    <control type="button" id="301">
        <left>650</left><top>21</top>
        <width>190</width><height>68</height>
        <visible>true</visible>

        <texturefocus>icon-menu-search-focus.png</texturefocus>
        <texturenofocus>icon-menu-search.png</texturenofocus>
        
        <label>Search</label>
        <textoffsetx>35</textoffsetx>
        <textoffsety>15</textoffsety>

        <textcolor>FFFFFFFF</textcolor>
        <align>left</align>
        <aligny>top</aligny>
        <textoffsetx></textoffsetx>
        <textoffsety></textoffsety>
        <onup>301</onup>
        <ondown>100</ondown>
        <onleft>303</onleft>
        <onright>302</onright>
    </control>

    <control type="button" id="302">
        <left>860</left><top>21</top>
        <width>190</width><height>68</height>
        <visible>true</visible>

        <texturefocus>icon-menu-settings-focus.png</texturefocus>
        <texturenofocus>icon-menu-settings.png</texturenofocus>
        
        <label>Settings</label>
        <textoffsetx>30</textoffsetx>
        <textoffsety>15</textoffsety>

        <textcolor>FFFFFFFF</textcolor>
        <align>left</align>
        <aligny>top</aligny>
        <textoffsetx></textoffsetx>
        <textoffsety></textoffsety>
        <onup>302</onup>
        <ondown>100</ondown>
        <onleft>301</onleft>
        <onright>303</onright>
    </control>

    <control type="button" id="303">
        <left>1070</left><top>21</top>
        <width>190</width><height>68</height>
        <visible>true</visible>

        <texturefocus>icon-menu-home-focus.png</texturefocus>
        <texturenofocus>icon-menu-home.png</texturenofocus>
        
        <label>Home</label>
        <textoffsetx>45</textoffsetx>
        <textoffsety>15</textoffsety>

        <textcolor>FFFFFFFF</textcolor>
        <align>left</align>
        <aligny>top</aligny>
        <textoffsetx></textoffsetx>
        <textoffsety></textoffsety>
        <onup>303</onup>
        <ondown>100</ondown>
        <onleft>302</onleft>
        <onright>301</onright>
    </control>

    <!-- ---------------------------- -->
    <!-- list                         -->
    <!-- ---------------------------- -->

    <control type="panel" id="100">
      <posx>0</posx><posy>159</posy>
      <width>1280</width><height>387</height>
      <orientation>horizontal</orientation>
      <focusposition>1</focusposition>
      <onleft>100</onleft>
      <onright>100</onright>
      <onup>301</onup>
      <ondown>100</ondown>

      <!-- normal item -->
      <itemlayout width="551" height="387">

        <!-- background 22,159 -->
        <control type="image">
          <posx>20</posx><posy>0</posy>
          <width>551</width><height>387</height>
          <texture>main-item.png</texture>
        </control>

        <!-- thumbnail 28,164 -->
        <control type="image">
          <posx>26</posx><posy>6</posy>
          <width>520</width><height>288</height>
          <info>ListItem.Icon</info>
        </control>

        <!-- title 22,470 -->
        <control type="label">
          <posx>20</posx><posy>318</posy>
          <width>551</width><height>43</height>
          <textcolor>FFFFFFFF</textcolor>
          <align>center</align>
          <info>ListItem.Label</info>
        </control>

      </itemlayout>

      <!-- focused item -->
      <focusedlayout width="551" height="387">

        <!-- background -->
        <control type="image">
          <posx>20</posx><posy>0</posy>
          <width>551</width><height>387</height>
          <texture>main-item-focus.png</texture>
        </control>

        <!-- thumbnail -->
        <control type="image">
          <posx>26</posx><posy>6</posy>
          <width>520</width><height>288</height>
          <info>ListItem.Icon</info>
        </control>

        <!-- Label 34,706 -->
        <control type="label">
          <posx>20</posx><posy>318</posy>
          <width>551</width><height>43</height>
          <textcolor>FFFFFFFF</textcolor>
          <align>center</align>
          <info>ListItem.Label</info>
        </control>

      </focusedlayout>

    </control>

    <!-- loader -->    
    <control type="image" id="400">
      <posx>606</posx><posy>290</posy>
      <width>68</width><height>68</height>
      <texture>loader.gif</texture>
    </control>

    <!-- clock -->
    <control type="label">
      <posx>1130</posx><posy>630</posy>
      <width>100</width><height>34</height>
      <textcolor>FFFFFFFF</textcolor>
      <align>center</align>
      <info>System.Time(hh:mm)</info>
    </control>

  </controls>
</window>
