<?xml version="1.0" encoding="utf-8"?>
<window>
	<defaultcontrol>201</defaultcontrol>
	<allowoverlays>false</allowoverlays>
	<controls>

		<control type="group" id="200">
			<posx>0</posx><posy>0</posy>
			<width>1280</width><height>566</height>
			<visible>true</visible>

	        <!-- ############################ -->
			<!-- Category list                -->
	        <!-- ############################ -->

	        <!-- background 24,25 -->
	        <control type="image">
				<posx>24</posx><posy>25</posy>
				<width>259</width><height>539</height>
				<texture>livetv-categories-osd.png</texture>
	        </control>

		    <control type="panel" id="201">
		        <posx>24</posx><posy>25</posy>
		        <width>259</width><height>520</height>
		        <!--orientation>vertical</orientation>
		        <focusposition>1</focusposition-->
		        <!--onleft>202</onleft-->
		        <onright>202</onright>
		        
		        <!-- normal item -->
		        <itemlayout width="259" height="47">
  
		            <!-- title -->
		            <control type="textbox">
		                <posx>14</posx><posy>4</posy>
		                <width>239</width><height>47</height>
		                <textcolor>FFFFFFFF</textcolor>
		                <align>left</align>
		                <aligny>center</aligny>
		                <info>ListItem.Label</info>
		            </control>
  
		        </itemlayout>
  
		        <!-- focused item -->
		        <focusedlayout width="259" height="47">
  
		            <!-- background -->
		            <control type="image">
		                <posx>4</posx><posy>4</posy>
		                <width>239</width><height>47</height>
		                <texture>livetv-channel-list-category-focus.png</texture>
		            </control>
    
		            <!-- title -->
		            <control type="textbox">
		                <posx>14</posx><posy>4</posy>
		                <width>239</width><height>47</height>
		                <textcolor>FFFFFFFF</textcolor>
		                <align>left</align>
		                <aligny>center</aligny>
		                <info>ListItem.Label</info>
		            </control>
  
		        </focusedlayout>

		    </control>

	        <!-- ############################ -->
			<!-- Channel list                 -->
	        <!-- ############################ -->

	        <!-- background 287,25 -->
	        <control type="image">
	            <posx>287</posx><posy>25</posy>
	            <width>987</width><height>541</height>
	            <texture>livetv-channel-list-osd.png</texture>
	        </control>

		    <control type="panel" id="202">
		        <posx>294</posx><posy>31</posy>
		        <width>946</width><height>512</height>
		        <!--orientation>vertical</orientation>
		        <focusposition>1</focusposition-->
		        <onleft>201</onleft>
		        <onright>203</onright>
		        
		        <!-- normal item -->
		        <itemlayout width="946" height="64">
  
		            <!-- thumbnail 302,40 -->
		            <control type="image">
		                <posx>8</posx><posy>8</posy>
		                <width>85</width><height>48</height>
		                <info>ListItem.Icon</info>
		            </control>
    
		            <!-- title 394,40 -->
		            <control type="textbox">
		                <posx>100</posx><posy>8</posy>
		                <width>844</width><height>50</height>
		                <textcolor>FFFFFFFF</textcolor>
		                <align>left</align>
		                <aligny>top</aligny>
		                <info>ListItem.Label</info>
		            </control>
  
		        </itemlayout>
  
		        <!-- focused item -->
		        <focusedlayout width="946" height="64">
  
		            <!-- background 294,31 -->
		            <control type="image">
		                <posx>0</posx><posy>0</posy>
		                <width>946</width><height>64</height>
		                <texture>livetv-channel-list-focus.png</texture>
		            </control>
    
		            <!-- thumbnail 302,40 -->
		            <control type="image">
		                <posx>8</posx><posy>8</posy>
		                <width>85</width><height>48</height>
		                <info>ListItem.Icon</info>
		            </control>
    
		            <!-- title 394,40 -->
		            <control type="textbox">
		                <posx>100</posx><posy>8</posy>
		                <width>844</width><height>50</height>
		                <textcolor>FFFFFFFF</textcolor>
		                <align>left</align>
		                <aligny>top</aligny>
		                <info>ListItem.Label</info>
		            </control>
  
		        </focusedlayout>

		    </control>

	        <!-- ############################ -->
			<!-- Channel detail button        -->
	        <!-- ############################ -->
		    <control type="button" id="203">
		        <left>1240</left><top>250</top>
		        <width>40</width><height>80</height>
		        <visible>true</visible>

		        <texturefocus>transparent.png</texturefocus>
		        <texturenofocus>transparent.png</texturenofocus>
		    </control>

		</control>

        <!-- ############################ -->
		<!-- Channel detail               -->
        <!-- ############################ -->
		<control type="group" id="500">
            <posx>0</posx><posy>0</posy>
            <width>1280</width><height>720</height>

	        <!-- background 287,25 -->
	        <control type="image" id="503">
	            <posx>0</posx><posy>0</posy>
	            <width>1280</width><height>720</height>
	            <texture>livetv-channel-detail-osd.png</texture>
	        </control>

		    <!-- now -->
		    <control type="textbox" id="510">
				<posx>70</posx><posy>57</posy>
				<width>1140</width><height>74</height>
				<align>left</align>
				<label></label>
		    </control>

		    <!-- Label for "Next:" -->
		    <control type="label">
				<posx>70</posx><posy>167</posy>
				<width>1140</width><height>20</height>
				<align>left</align>
				<label>Next:</label>
		    </control>

			<!-- Channel events list -->
		    <control type="panel" id="502">
		        <posx>70</posx><posy>215</posy>
		        <width>1140</width><height>450</height>
		        <!--orientation>vertical</orientation>
		        <focusposition>1</focusposition-->
		        <onleft>501</onleft>
		        
		        <!-- normal item -->
		        <itemlayout width="1150" height="84">
  
		            <control type="textbox">
		                <posx>5</posx><posy>5</posy>
		                <width>1140</width><height>74</height>
		                <textcolor>FFFFFFFF</textcolor>
		                <align>left</align>
		                <aligny>top</aligny>
		                <info>ListItem.Label</info>
		            </control>
  
		        </itemlayout>
  
		        <!-- focused item -->
		        <focusedlayout width="1150" height="84">
  
		            <!-- background 294,31 -->
		            <control type="image">
		                <posx>0</posx><posy>0</posy>
		                <width>1150</width><height>84</height>
		                <texture>livetv-channel-detail-focus.png</texture>
		            </control>
    
		            <!-- title 394,40 -->
		            <control type="textbox">
		                <posx>5</posx><posy>5</posy>
		                <width>1140</width><height>74</height>
		                <textcolor>FFFFFFFF</textcolor>
		                <align>left</align>
		                <aligny>top</aligny>
		                <info>ListItem.Label</info>
		            </control>
  
		        </focusedlayout>

		    </control>

			<!-- Channel back from detail button   -->
		    <control type="button" id="501">
		        <left>0</left><top>390</top>
		        <width>60</width><height>90</height>

		        <texturefocus>transparent.png</texturefocus>
		        <texturenofocus>transparent.png</texturenofocus>
		    </control>

		</control>

        <!-- ############################ -->
		<!-- Current program              -->
        <!-- ############################ -->
		<control type="group" id="101">
			<posx>22</posx><posy>548</posy>
			<width>1236</width><height>160</height>
			<visible>true</visible>

		    <!-- info background -->
		    <control type="image" id="102">
				<posx>0</posx><posy>0</posy>
				<width>1236</width><height>170</height>
				<texture>livetv-osd-arrows.png</texture>
		    </control>

		    <!-- channel logo 38,610 -->
		    <control type="image" id="103">
				<posx>16</posx><posy>62</posy>
				<width>126</width><height>72</height>
				<texture></texture>
		    </control>

		    <!-- now 37,567 -->
		    <control type="textbox" id="104">
				<posx>15</posx><posy>19</posy>
				<width>855</width><height>25</height>
				<textcolor>FFFFFFFF</textcolor>
				<align>left</align>
				<label></label>
		    </control>

		    <!-- next 855,567 -->
		    <control type="textbox" id="105">
				<posx>833</posx><posy>19</posy>
				<width>383</width><height>25</height>
				<textcolor>FFFFFFFF</textcolor>
				<align>right</align>
				<label></label>
		    </control>

		    <!-- description 175,609 -->
		    <control type="textbox" id="106">
				<posx>153</posx><posy>61</posy>
				<width>1063</width><height>72</height>
				<textcolor>9099B7FF</textcolor>
				<align>left</align>
				<label></label>
		    </control>

		</control>

	    <!-- loader -->    
	    <control type="image" id="400">
	      <posx>606</posx><posy>290</posy>
	      <width>68</width><height>68</height>
	      <texture>loader.gif</texture>
	    </control>

	</controls>

</window>