<?xml version="1.0" encoding="UTF-8"?>
    <addon id="repository.ruya" name="Ruya Repo" version="1.0.1" provider-name="RuyaProv">
        <requires>
            <import addon="xbmc.addon" version="12.0.0"/>
        </requires>
        <extension point="xbmc.addon.repository" name="Ruya Repo">
            <info compressed="false">https://raw.githubusercontent.com/RuyaProvider/Ruya/master/_repo/addons.xml</info>
            <checksum>https://raw.githubusercontent.com/RuyaProvider/Ruya/master/_repo/addons.xml.md5</checksum>
            <datadir zip="true">https://raw.githubusercontent.com/RuyaProvider/Ruya/master/_repo/</datadir>
            <hashes>false</hashes>
        </extension>
        <extension point="xbmc.addon.metadata">
            <summary>Ruya IPTV</summary>
            <description>Ruya Repo</description>
            <platform>all</platform>
    </extension>
</addon>