<?xml version="1.0" encoding="UTF-8" standalone="yes"?>
<addon id="plugin.video.ruya2"
    name="Ruya IPTV"
    version="2.0.3 Sky theme"
    provider-name="RuYaProvider">
  <requires>
    <import addon="xbmc.python" version="2.1.0"/>
  </requires>
  <extension point="xbmc.python.script" library="default.py" >
    <provides>executable video</provides>
  </extension>
  <extension point="xbmc.addon.metadata">
    <summary lang="en">RuYaProvider</summary>
    <description lang="en">Contact us on www.ruya.online</description>
    <platform>all</platform>
  </extension>
</addon>
